,backwardtime,real_vol
0,-3.0,1.4026519722874118
1,-7.0,0.9094806793031628
2,-14.0,1.1079301951819795
3,-30.0,0.6520177250311368
4,-60.0,0.3996098675858295
5,-90.0,0.3544720099426441
6,-180.0,0.22525978237439273
